address,amount
0xDaB8892C07FB4C362Dd99D9a2fBFf8B555D39Cb5,68
0x9f243a7cfb0c9cfc724a10bd54c16d33763f8e2c,631
0x52a2aae06b38b4fb86ca01f2e7ef1ebd3f007436,162
0x955506502e4ad843dfc2ae87b77303d14cec5354,29
0x7f12c8feff313837ba575334bf40f3cd1c0374a9,53
0xe39e285668dc3caf0863c8da0d1d3c781918e18b,11
0xbde011de8e78048f8743596a56ecfde2790491c9,735
0xfe0899c55a47d1459fc263b0e33445cf315108f4,91
0x1bf81ed2dcb5c115893ffde0089e737601dc6626,481
0x0e41b44c3baf658b75e11c54daaf48884c120d02,137
0x7858b79640bcd939a8a2002dac84b24251866e03,793
0x7efc72cc8ccbf03181735970b141c46352376331,47
0xa349f718733f806151b09592f279941217b1cf8f,23
0x8d8b53d965a3eae0290f4fccd00dda5aa79b4725,77
0x5394ec34ea3ca78c7de25210871bccb188546576,56
0x5939c2bd574c8fd2cedfb5f711db51d9a9d53c21,40
0x571b34ff96d3f4a8447a23525b063a2f88fd9896,368
0x440Bcc7a1CF465EAFaBaE301D1D7739cbFe09dDA,78
0xe4fb6bf35060520f95251c46b8a09893af28df5e,571
0x502b3a4d4ede03fe3f2b5c26fdd80ebc42e30cb0,77
0x0631a2695e97e15142fd61ed4aeda323d5a488be,533
0x86bec9316e7cf96529b8a51f17890f0c4b7c7d15,752
0xe9a6b8fedae33425a9a743adf2e800f60d917dbe,485
0x0eefca081b93da7f036c7c149d4bdcc6ab4d7c88,87
0xa5cd8b6f2b463611826a7e82b57e42571fed1a90,177
0xf4ebbf4a0d7e5d97c0de5aab69a9349ab2bba306,932
0x517e166eb615283de6e9bcabe4da188af5d2d679,34
0xea02ab1fff8b1fc8eb1f1fc4a67a91188eaa2676,717
0x7fa6aff601b7232e9f0d014f23083fc3c87b9462,26
0x7652ee3df520eeaf78c167c474b53bfcc2e51ea9,14
0x7eb413211a9DE1cd2FE8b8Bb6055636c43F7d206,262
0x0e632f58f64efb79e08926214617f58e16d73d67,94
0xd7171f334cb24161fac8be883f16ae60006c17ae,982
0x88911f397186628566d014709991c207c9120fe1,701
0x7eeb842dcfdfabc7b1a4a8f9bf8bd6b2db929432,67
0x60b89683dc2489d4606b83a1ba491438255fbb5b,5
0x625b55d082a0bb62c5b6c4168a6d5bf1e7cc95c2,98
0x5f9601549b172f8c773e452a47c2dc339f567ac1,96
0x5baff27d414a5ba37b467e0deb4d248aee4f80ba,524
0x60c3a6395df42698dd8d211b5489a18ee3a5f28b,40
0x3d366a3cb93dcad9ae470c189b11678cf45b565b,92
0xc9b3588402e90e5752d9becc6c3ecb74ce466b1a,10
0xe6db518779922760ac83743c0dd86ddc253208d2,530
0xDA05f6e8ECdaC56b7A208EAf000fABEB4b001949,58
0xadaa33a95584954c0411844bcd718f47be1b04ba,5
0x1f4235569b7018a964c67ff86463f637675e3be8,47
0xe6c9d741025969acf4e20f413b4a9d37cbfd9cac,551
0x348718cfd594bac580251b25438b5439d8a98f3f,59
0xa279a3d48f39558cbed019baa33398392ae2eb04,83
0x5a25147e677f8fc009242661042839f29e091db4,975
0xb8c80307bf8811162a9e5fac381ce811b01ead85,788
0x5ef2b7cf6add4d3fbf8aac99bb59bbbd6132c00b,154
0x303aa464629ff717360d37e4decfbfeafe59fc5c,502
0x1fbc58eb8da1b8771b51765622aeeffeb8aad962,52
0x3c3383b31ad675b1374d18dd8aef62705a657fb5,656
0x9ca243a2f2274377d4e45230dc00544c208facb6,477
0x66951853df00782abe1b370843d77392722b12e0,627
0xddf2b47c159b4b2d3b5b59a922e0b06ed3d2f405,48
0x8cc97020334c647e97eae111dc7111b54a02da91,16
0x1a838ccbe122f3eb4d41d4052dfa53fd97396cc5,72
0x03d6d371f746ed462de80b4d81493b0666785bad,899
0x99e15eb3b548b5ca30064d3f858baac7137b7173,29
0x012c7303f506367f5652c36bc565b206c08ca894,44
0x0e56bd6b6a922a2a676bd8e6210bad0520575d48,38
0x5afddae0d79f4f60f4540dd653a2523a1e7f5bcd,42
0x1c0e89ec72d759c9d1dd05f662a68dd5385682ba,95
0x1eacb587693d2c029812f64ffdbde6d2a1af1729,75
0x7a0ae6bce462f130fc9f699d6037eaf496b37a5d,86
0x9f28f1432a495bf26d9c0e80ac145691c2d05c7c,65
0xae6aa5e0f4df17464815720e804e407453fa6ef2,96
0x97c51b26eff26f72292b168e5bcc822f9966117e,879
0x1a404fec013c0fc879c5840d094f020733192513,6
0xdf15927079967a77d47c703081ee1fde07b8cbac,86
0x67de364c1a2c1a70d9e7ae37500b9f6a551f5d56,93
0x430d604a59bb37334dc4399b32161caffebd980a,19
0xb1e2cad516e34f626993a6a5f0dcc6e448bd25db,91
0x16cb7122d5b02faee69957a4b5c092691fd1a86b,652
0xe9251637891695852ab926ee7c007d9a30bbdd16,37
0x66a84f751cc350fd241e9e7204ee8fda3e31cbe6,831
0x60647f22f5db77a94e159a50eb5bdc4da4ad8b0b,46
0xb53a9e7f912cf335bca3681da293599c4d4f7de9,962
0x9726ac8629512c656b54fcfcfeb6d39a0aaa45e4,57
0x34970835ba08c707161c37a40c12fc02b5285a89,74
0xf5630fec63ee95f89e88ad81496ce8eba7d42de5,83
0x0c1a37feb4a79c3e84a8484f53eaf0c92a4e6fc3,75
0x919592c1a454436a2f18f793dbe256684327c6dd,17
0x6ccd5e30c898c978515ecfb09717b6eddfd8527f,507
0xd939b66c878137b7330e0e5d2875ec029a9a4e55,55
0xf761f9e41ba5e6ae8878dc7aef2979488a9791c3,6
0xf2233e5c26e1922a33333148dc7e70d09a099366,42
0x64dc60f6eddff36c1c8141e692c4a5e5217742ba,29
0xc4d66dea7a2f98a657b811733562200c7d9bfbac,52
0xc5533f7499d80e7a2d854f47702a8d6d5748c36e,795
0x70bd35a8cc8ba1baa3939bbe16a3697ec5e95405,71
0x52456cbbe75ac1c2d813ac570b818cf3b267390e,75
0x55f2a760dad51738cad6c6e0e55bc3d32b52be0d,62
0x66462ace563aca0e9c7a222bf24be42faff7692a,21
0xc1482f21d0953ac53315d64539940d4107f163eb,696
0x8804ce1d328b9a474b151c732d11be01688a58d5,64
0x8745bc45ddfb661eb16b34125ab907c9035c4af4,595
0x81fe83c2927820f8dd9388c284112b2d5d8f25ef,45
0xd00e6ece97aab52ba9818c1248265329799926d4,90
0x8da5ec1866b9fb27b10938208423750619026709,71
0x68c57c1f86ade3cef6db9a7c687d1590150c3ede,130
0xd85864dc794202e77f921cbe64a5dcc5a7410852,24
0xb6f30a7c7808b0d5e5949ffd6ee649db96ea9dc0,293
0x894f2aeb98c1930af4cbe15c05e35e925b7706a3,93
0x38687aa8d7758341dc8ae8ba667f2a55b479ebfe,559
0x7821eb3030185a09b97c3f572c1cf66e8e0d7b54,49
0xd808c2adeb1b45108f9f230c0728f931250f6eb2,14
0xa795e8c314bf4066c27852ae2cc38a57c14a6dee,21
0x0c2a66c3dc2292d38b5c112cdc62a187e0116fc1,49
0x5ee258aeb8a31998fb62e8263feb14daeb5a140b,36
0xaf342b8e19467008b0fe604230aa4ec915221981,99
0x281078b351554305896ada7713800a547b6783f2,776
0xe450bba878351902d0981fc799630e07e8014287,573
0x9faee5798158e279cdfd639625c86c6d266bf133,840
0xb064dab0936335e2a409fece48f4894540187696,38
0x3ad698f8ac96a83f66239f559ec4b1efb5956984,35
0x844d4a0e9f3a6a3b21c1e48bdd3d1e2cb837ad57,875
0xe07d2ee8f7eb3bdf30a87e0c8806e9571d851322,57
0x0d552d38b62742d1b211f2561117929f31cab6a1,429
0x2c37fd1a2afc199a8ee2ea4e9f41ea7ceb3ea76e,984
0x5eb92defaffba924033668faf9b77500211e691f,1
0xaba868166dc1ac22ce58310a205dc3a2d6fb87ca,54
0x4deaf717b86fc52658a625a89affca4f86029d90,72
0x7b17c4128cf39619f67fd83be5677c95b3862150,28
0x0e20328edc7450b3a026596001b4fb6b15de50cb,959
0x89c8cd6412d2c55f19322e3b2f245ec93e4854e6,41
0x1070609d07d96962230381e9fa5144eba45f1b1a,272
0x1458a48d5aa136be18a31ae16e0a1060410cc62e,178
0x5a7de77bef90cb5bc4f2192236e630bbefc64654,652
0xe9d53bacc180a9e55c6bff835a3c04e11076dfaf,96
0x618635d5ede6ae18777c42ca61b3e68f5d2fe790,58
0x754100818811320ed43fc3271b04aa9b23ecad12,50
0xc6500df27ab3768028be2d001c094237f4541a91,21
0xa16358f7ccdfc7917ce857f3d44a12acf8f43a24,13
0x36c5b6524a3d45454187a9d34a3cd17c106c4bf7,74
0x586892d352b017b414793d8c2336b699a93133bd,50
0xfafb0bb4d499ab812b63595a32136c1b24ffa483,887
0x6cdb0d8e491d7c44fdb2680c74f763125fc2e4e2,87
0x6a058db4b1ff38ab3910e098e1b8fcea1042cd64,52
0xf60cde59027daacb4ec5c8d042ed43c97ddfcaab,19
0x16c23779e1a46b21492581ca0b46c1f49544044c,17
0x32c923efd78bb805ab7d426ffc4f48ddd367f5ca,10
0xa85d48920be5c816f476618d3ba5c14fb88351d2,94
0x05d85f9793950720eccfcd69fdc537a6bbd6fb5c,65
0x7fba07f5feb81aed9c076dfa899f5650fdaece01,15
0x5c61d6f66e98b20f0ce3100a2b9c1a5b742144b3,5
0xa785074df6c87b7a46f527c8e953f3fa3ff4908c,851
0x7330b082950134ddba0dbd0ed0c14e83beeea92d,390
0xeaa9158ef042cec63690ae9b0fe6b83b353a5a49,498
0xe10d33b6f056e4c98f5f413f70bf6e654e7b0ad4,22
0xbe387ebca84e1936a4d22eb1050e60087aef9e15,75
0x00770731a71e18b2b6b048652558689d9e093896,354
0x429858dd7b229653551413f8825d5f05568a3696,90
0x8bb3f859b4fd37d244ee88a2a8ee808d98fd0dde,28
0x365ef1d84730e88a8f941c9e0c05a85e51ee2389,879
0x91c158983b9e3a3022dca5959779e75824d849fd,864
0xf97bd7c0e602bbc841b35e0052e6874bd0a4bbbd,97
0x9ab705866f567dda6805fb9ce67136214c230f37,524
0x77c8de6e2e3b9cce2c83558ef48f9a18958e9786,127
0x21d6787562b9a39207a3c2d328dce7357112b181,978
0x9e4d0688e9c89a124a4aeade75308d1f21fa5393,61
0xf6fa20af47d24890d30dc76ad63bc6469f73728a,19
0x682d58fe89f4b57f77edbb24dd8155be4dd91f69,71
0x5278cb007eff2d86400908ebd4696c7a4b21166e,446
0xc07fefbf856304b0114ccd795797abc82dc9d332,58
0xd78af39ec13afb5b31f221ebc39ccf98eaaacbce,89
0xf614819f882b81803e9f9967dc19d777c6b1cc2a,31
0xf6ef77565eb98fa490b1656e0a8b0531f73280a0,824
0x4500512e77b55e0367d9ede5449b44cf9a60c456,924
0x177aba715f8315f72e78124f589f14298f41ff8d,31
0x645098470fc2aecad9897634d7e27d23a03aa5a2,290
0x30aaa3e96c3ff9a84c503515992e49c3607c000f,767
0x4bcdfedccf3892b6c92b49e2e7334bb730e140ab,38
0x7070d0466795f783a707071fa97a4b6be89cfd88,80
0x13366d97be02f8320dced8470dd8fd7720eda1e2,539
0x86dc27f8858c7b9fcf645770bca37f0280d6efc0,38
0xedf94e9f8ab381c6a1a473926d838fa7da4429a0,27
0xf597c72e90a4090772982d582b2ac4ba08d8a1c0,631
0xb478344ce292a105ca7fee8326e3fd5cdd9eef28,63
0xe69ed29ca1602f1a0b8a47d4c615955e35a63753,47
0xa165606700d5e0b2994936ea5e58ea8bea4dfbad,67
0x663df1e940804041a17520329260d839b7d1880e,78
0x1725b8db00851960d3a48eb61439222ebb61201e,139
0x9090a1f44fc98f1cd3e48d789139006ceec1cad7,392
0x7940246493d0fb8afdb0593d551d4d40867ae072,684
0x1cf35f6ff3091058fd9655864a5497dd551b6239,692
0x2c8c1117c6bbee8f00b8f1b9bbbe58fcddd8d633,476
0xbb16093d34bba53fa45bbc7930c13d9cbca26500,29
0x9bf159dc3ccf0f45b0bdbf477970246020f71183,349
0xfca54e645ab432df84331e18a4f7ae8e60c38bf8,287
0x4e90b7b1f1eae3186cf404bdcff579c9a64f87e9,15
0xa12acc3ddafb756e65de7f3a7e9e7bc0c36317f0,438
0x2590f63b782cf1bdaf303b338023e60da6ac8215,337
0x17ffec011fa19e4ba800dac997880f14c9f938ca,55
0xdd1e00291e03cf4b1c15d8bbb1ce4798b3631de2,25
0x9d0f6b7f75eda656df6662e1b635894ff72eb6f6,953
0x1aeb39b12a494304e4eb48795b40a1e306c95d59,625
0x5a9fafd85e8a41a5719d6ba1284d6a88564240f4,721
0x0c5b60f99fe951831fbf2db24e8fccf212427567,22
0x6fda62476c12f732c25dc1c670beac77ba229ed4,488
0x03b552cb4e5d391688e8ffd6dbe4c1fc71293cdc,511
0xbbe293fd6077669afc54a99b8aa8b6787dd0b894,60
0x38938a609d69c7c7350809b7600fa4f289bbf0b1,9
0xa953183021e98e46bca2a72362028c4c47e89e53,44
0x1ad309ed29e2e026aa6957d212783142c63eaafb,32
0x8ca972727c89575521b100b3b7a6eb8c97d89e73,211
0x0c46082ffae2dc6899e4431991f34cf08bc72722,51
0x4edcd160bf0d0e0bd5b0817df23e1c5881af606e,435
0xdaba51117b982119b6bd70e62494706cc68f7f3e,96
0x1c2f110d010f97936b680b0079ccbe332f6ad0f2,100
0xad7b423a9757f1e5e2cd88f9df95222cc9e1fc2d,768
0x11197d6f79d1bc5317546c471af3328932cd55cc,953
0x82d751a65e145cc3e02599c416775a35510b95da,162
0x3b413f9ccb5e0a780cafbbfa6bfefdb2640dc01e,25
0x695b04079585d96ecc0c5d2cdf387e604e48bc0a,179
0xe8a2af1b780ab0c89e68b49286e78da18c9c4383,825
0xe3e5e100683f2623f4ad2857dcddbf469a5d8cd1,667
0xac55d6dd2762d0dfb024f9b4a86d56fefc6b92fa,3
0x29fb9863df1b6687efc8f1ba01ba1c8e5f727a74,502
0xc04e8fbb05f1321e1b9e9601f5315767dc97d513,43
0x5d91b5ab18d043c4f68c83972a30925f8be3f41b,364
0xbd991d9fda1b01424599efc8f549111d9ebe0483,972
0xa2fbfc4d2172dd4abff3914ed127e8325fadbe0a,529
0xed3672742d4c26c26015a234559d31e27e0ff966,20
0x216aad0bdda5212d7ae687d8d82b1e8689eb0705,8
0x3f606cf793544d769ff736998a5d97ef51a45b0c,904
0x86561e92418f3c0bc60ebfcd5013b82195e40143,90
0xd52ccbcd9e2a0860c888041bfe94ea7b46be0bca,755
0x8ed80aefa96b722682ba60214257eed22627b9ce,755
0xa10fa152eabc1b971b2b16b0c6ab32c60d76610f,422
0xe39c9c88ea69b782f0c83c098d42b80e47f96c9a,351
0xbcb4c2b525fbb23d789e9b6beb5e8ff5889d5ce2,22
0xd28f02f6b217c2ffab71d5d38c0217cc0d939e9f,750
0x7bbb9cc0a0c07b25e77318a016b1655206da6781,442
0x8477ef6cdd55034529e7fd2f31e39453a1a7bb1e,157
0xe16ac5ae269cb567c75fd134b961407331bd218f,99
0xb64c4f3e834d58d269363bf9fb59619eb34bb516,90
0xd39196c632b5d2a6198376b212cea3e3ae61796b,261
0xf68a449cc8cda3d49c53489c7274067fe78edbad,663
0x3b102ee6879d76eb6d76c4da3bc4b4638bcb24fa,71
0x6b32737c2aa0277d3309f0409071a68094648a78,10
0x861d688734f5ef7089764cd6d47f68e8ecda4bef,261
0x4e35bd738e924a4bca03514f1a3df0eb017335af,68
0x9b531ee2144c683756c5dfcc1a79bdc88209dbe3,304
0xec08b1243c2bc86308187f06f89641bae274538c,79
0x65cacdd057483be2c60b61f35b061abc23814b6c,88
0x0fcea53bbdf56dec98da30b57e0bff6b5112726c,615
0x3b23d1ae95df7033bb0b5793a8ac6733e712b85e,38
0xa7e7e56d3cbdff8caf22454329b9435d1884b712,525
0x02e24f1287fcd418edf9475f1d24830d8acfd2c5,67
0xb86299915622c2e0a9d33fd198f1269f4507b193,50
0x6b7136fdf8daa41a211e00a5043d1d890da6cd14,88
0x6d822f52d4eb597fe5e098f364ed10f4d5304081,40
0x19c30d9aa8924c4225333d07e0f9e7537b56e1f2,953
0x7370f52d68cdf32d29fcef8458884fa3ba652acb,9
0xffcacd55161ace8ca23c642183f6fc1736e1ecc6,674
0xecbba582576e40dd1bbea2d57499984311ceafde,478
0xdded4c217dbd91a7291fd0110b8884af797a767b,905
0xaebfa674ff8de66a41cfa1fdfa2951dc5d3f407a,44
0x92355ec2fd7ee08b2f8817ece1bff24084ac0c00,92
0xac9e5afa14e07fc2eefb7dc66c9dd61bbe72c50b,771
0xc691a30ecc3a1bf4e5b13284fabece4313eb7d9f,82
0xcc8e013391a90b21bcc93546ce2e962738bf2e51,20
0x1965735d956a26ac62a2391bc6c27abedbab1956,875
0x103dd1f6afcb92d19f3252b011696f4932c29cc2,991
0x0bd5cd94ebc4c41ac010ce74b736813ffe9b9a97,826
0xaf798764f086c26ff8c46f546e5dd82d690ba765,202
0xdfb86381f5fd686782651eb031e9752c85730494,66
0xb37085275e553ac477b75673b3e5f84569409abe,15
0x9c6ad6e8da32aee7f143b9e3a22cae56cd9372fa,97
0xecd0bf8eac7d88612cd44c3af8b6338984a074a2,43
0xf675272173e96ce0cb1202caf728af1f4c6f8e59,19
0x100fd3ec32783d797ea10e2e645ba230cf1c01de,46
0xf38c298a93187df1b69dbe7a84cfa0dbdde0af60,648
0x4f784643fcecb6789d8d02b7718ebdfcd140f02f,361
0xa2fbfb23e6cf7fc99c683ee90fb0319d4b4a217c,955
0x1bc71bff84c14657ef512410aab82e08338a4bde,79
0x96eeaee82e6134da7a7b3a5356fc64597e8f784a,154
0x46bf1d056a102138427d764774e07ce3d105884e,35
0x897044d69a7b8326ed9ebf934c0fe9a5600e5cbe,952
0x374a0badd96a747c06b4c05d5ebc4066ed004d49,88
0x7d42be0ec6d7790d5374e1fed0d6bb54b3a9e3a3,28
0x7029571d185010100d26cc9d6e54602a01702079,35
0x5ff2b0b42b71bcf10a591343ea53a236c5de7cff,35
0x14d1a3e12c19da6e2dbeb56db7e1090e78a5162c,33
0xaeeccc74e8a987ffc5bf5b1e597b18926f8dcc7a,85
0xab4a92b0474a9173ce83238d62fb0527a4e86371,46
0x8ebeed1fa7dc9c9bbce3350e0a7e5bf7ea66d879,57
0x968d431c36ea74a4434110ce2388b60e29f6d1e3,870
0x9edb934bb8eab620e65c08d83dc7ecaa29bc340d,95
0xc51d41a76fa3192f9bb1f302a16ea95391112908,89
0x59027d5fcb93682584adfa7f2941f559ce14fadf,68
0x7a5f457604c15d16ecdc3e36fa8b9ff016452245,822
0x1cc94b3d8a0da8ebefea6b69aca1fe390eed25ab,781
0x180545238f90d6b695e60f845584a28c485fcd54,94
0xcae1a082813d3c0213826aabc295169cc0e742e4,608
0x7f037e5ff81c910180ce73ca33c2798209e4e779,599
0x912855760e63b3c5c7318722e42a4ce52c370ed6,68
0x066044f35f1d5f7c6d889d3b77ed21e0d33203a6,43
0x1be862d1fe089fe046fee780c6f9b6b480636f8c,384
0x617c268cfa6c98c31f434f5c32ef9ec4ba90827e,88
0xa44f59cbda7b33ddc8f02eb6acb36ee1bdb4476c,97
0xc2ac825a2ca3c03156148f5eb8146206cee2c77e,60
0x2cc0fc2b1d1256f246eb57457262dc36b9563100,82
0x136f78e5c542614ad460b40974de9c98eae3fecf,28
0x8777f51171e239ae65a58543f8540cfece3965a2,42
0x85a9b79e03f6df4e4a84ed4dc720c12f41aab081,59
0x8e4c7c8f73e5cc964f80603317229281bca39a66,8
0xe54ef2e7120a9252f5ed79cb484c50eae41e8d17,787
0x857ed939dcc354ea7a3b7c10c1d7ad2cad9702d4,100
0x69ec78a0b2d9c69b04dfa46c891489da9a281f16,595
0x4e67a57b0864614426ab49206c400c776287f7dc,915
0x0a3f046822de38aa4527d8f08fd8805c05792814,9
0x442701920eb1e32be621816f1246660ee2478ce8,416
0x9bf54cb8a7d5debf61e6b4697389a0a5d9729f9c,232
0x92a3c632b0a62cf43908d474110d0609145332ae,68
0xa9555e7f959d95ea521f6c9ff6072ae9406d7719,289
0x13f8a8585bd5cf1e9e2cf8a426c7b086607c7fdd,202
0x10ec90b6b3f27bb3f01c9867d0d70d25fb5de806,94
0x7ad65d1d4474d7e77c3a784aab03e04ce54490bf,94
0x12f64e19a4cfe13f4d952342c07b3b8a50ab0aeb,19
0x6bd9dd03e1098a88fd03f8a6aa5e78f962290cd6,70
0x5d133d22128ba6905bc94024a1a025b6ef150be1,189
0x367da0ecf08cd5ca7d3dfe429899c48a8ff0e55d,145
0x42dec0f393fb671fa1f0f44a0bf11f738608dbcc,988
0x0486d8d9f345db208a7c86fe12819063f7e43c46,55
0x0fab751d0b9fb9c24fb8587460a11d6456ac9228,251
0x6b16b6df9dff7b32c1e41bb107c0b1f7524ecb25,29
0x81b70c0eec3e1c9927159e446767b7e893b49468,24
0x350e6f015800654fb0988a41e490b272685ba89e,31
0xb9988fb415cd172b85b25f40a9e218d277e263f7,82
0xc57fa3631dd2c09a12a3c5fa973f31fef6fb64e0,16
0xef8a3ef139cc1935a028c1737b61cddaebbbfb91,788
0xf04b16172bf480372699528fd46e0521a48f1158,30
0x0475c628b6bd61b4b30414fbb3af98788fbf9599,22
0x81e563a848bc0970144c57eee4b7a8e1b993571d,615
0xd441a6962b0984102b22a66f42ded2a82f5b6564,51
0x7a063028f1ca9a363dbc5e70efa1b630f97b9108,85
0x2365ec794b50182182d7baa565a9b5040eea0a41,44
0x0524567122f1308f323fa39cdf12a3ee25d2bb48,435
0xcc3221aeb290fcab20cb098f85588dba7ef28813,94
0x2ea888885d46d4c0686a6a21eac6ec4539afef16,70
0xe8c8603a9594ffaefc039d96d3c8bd08ff41db74,450
0xed9ad2311e63272fa9f2917750cc6ff69f297506,220
0x27d1965c4b061465179db2c7e561c77cceec9a76,92
0x30efacf080061fe09d7dc1d3ab796184b673f6be,472
0xcec12751958ebe71d7d6ff8b52084e7bf0ba55cd,25
0xa4ada97ea17d786fecfb1231f7a597289cdb5985,62
0x7eb76423c14e1f969251b0a4de484793dfcfcc41,305
0xfd387d31d7e29e0fed4f34e6315af6676eee4bbd,37
0xc74e6d8641ec480139da66997226f8a4a690c6fb,81
0x4d850148b09e5f253174f3c05fb607176d123491,589
0xc78423bcd29af69ec913f0cad914f7d647ee6c38,527
0x98ef62f4a5085b39cfecc6e079162c86310f4a99,53
0x90b21e77dc856906d58305efca63527f0cfa152e,2
0x897c8c9d99c2efd7c247810452ed0c7da02d45a9,865
0x48fac4502969318bc56a47bcec19ca67244df216,56
0xa562fb91fa7fd07786a1488ccb1718fd728b46ef,198
0xd15a06460902346b33c74ec93efbfa504d2b49ea,227
0xf8c422c1c1d40c74c754c5faf843c672c6dea9ad,312
0x8a72fbd1478c272f4303b6aa3af7d5194ca92198,1
0xe73ddc7578e9b37baf977b19a182d4fa5f80d982,185
0x5ab4d623c38c4f639ec05bcb63005eaff3647bad,10
0xd11af1f3d7273802425a450fbc2243a5b15074ad,967
0x5ca2dfe33cfae286257e7136ed454f1b2fb4acba,452
0xb090025ff43c9547e2fc761d67fbf0318a24e5c6,5
0x4bdaba5d2c5af224cd9eaf114dfe4cb7544a9645,514
0x14c5e61b3d40a08468c8705b9da63f826c059714,13
0x354e80b7e44373a07f28bcabc50b0998dc07ec7b,72
0x9544548de5cce4afca567d733dc5f4e019f68f52,27
0x1611f50e96150f846ebaf7d37efb9a03d4f999f9,671
0x34a4efee2eb9c71b7dd7ebb50ef6a57ad4668e4d,892
0x260eedec9e36e3904e13bd5fdfd105ae80be39c8,189
0x9cf0a84a7e66c3a07453703febc46e038d2c26eb,20
0xe670d7fe0101c3b2db8cfee2420ed4ed2dbcabe0,52
0xb98fd32aac549b6c61a605b57246015bad42f71d,868
0x969187a6f9a5628411017b282e7021744cc09625,89
0x9ea9965274ebe44209a6e5a545ec08df202e7fcf,379
0x3b18172fec834a5442a5d848b9af18c3d5584c9c,35
0xa5c3cf13199420ed95f1728f87f73df5a6747419,835
0x6ee46b1600d23910828df00acafca6bf985bf9b4,29
0x5672c18c8812c40a8e52249a08bac50908d2c1dc,72
0xbb989bc80efc3a5c7a3b9641751803efbf284643,86
0xe6a222d53756f2a75105953c7b329170d7f50155,892
0x1b8f3d1349581bfd4793acfac0cf82fac05b9257,86
0xaa3b138de5cdb73e4086e48f46ce4cdbf94da5d2,639
0x37618787a0d626dd362baec982378cda9dd2ecbb,93
0xa391117e319499b29f377f655a2d444e4b60a570,405
0xaa525498dce48fd102b6b3e9066facabeac4c60f,51
0x2d76853b7e947020b924e314719d3c62d27608f1,662
0xf424e89a073a9dfb440591b2d3fba17bbe0b7295,74
0xf4f8932c1d344713cc10114ec80a02d328ee31a8,30
0x03648881ba48516f76155d6fc998905a5d5fc64c,40
0x398bfb14e6027c297d9457c627c5f325e178424f,84
0x42cef2321f2b79802bf5248c2dcbd7ae5279e655,479
0x2f1c1758a071b9e8c90930546bd35d2a4a1729df,45
0x1de261ec205916fafca90a65716a5eb7c3a6daf6,589
0x8ffae38f96fbf545fc0486de077a8f3c1f46bf17,46
0x9d242ed69891ec0298151b62766197550095455a,508
0xbccefd19b5d5268487328dde84866a224488584f,677
0xf144b9d6934a48b51b96c9f5cc0b8ac40c7db218,15
0x509e609a9ad322706abfe3fac6831f9b0c4aa9e5,174
0xf46f01df5dc3a02e9423881e7929c628e62c30da,6
0xe4ee14b42a6777753338830057213f2a8bc636b1,44
0xe3642aa2804562329781f3d118f3c663ccbf6429,34
0xcfe878f8e68d8d4f55b1a4ca34ef89caf07fd0ef,30
0x04337a22e2b107486bf2eb3e225396685d616f62,944
0xb9a76f397009f066199db0a86fcb561b99f49bba,81
0xa1c3b5c8423a25bf3aaec41749ff4dadaf2edc28,322
0xb0a3746ed6f6e9fd963ea235ea5ca20f45cc5a10,35
0x56db8acfb46d600a5b7bdc03e91c9a16982a4073,840
0x48ad8ddf734b13c4368113a935f32efd01fffdcf,275
0xb6c21d605d179df88c43ec104767cfc0662aede2,55
0xf7c0f2d2ad36c324df01264d0f4de9abc733590f,638
0xbc945df7d7e9aa70871c1b8a5717977378627327,778
0x9fa336df0681cbeac0f225dc055cf6fc895769ce,30
0x9aa059428a37f3f7345a7b935c58cf7477411699,54
0xf5f880cb90de8ce7a7df3542830454af497ca1ab,3
0xa0178b38de6f403df3acf76c9f1701c9477b186e,95
0xfca3e60b30ae934f8bdcabfc287b408bdfbef588,245
0x43a6bd28c2e965054ffc672cdbdf43fc1018df18,535
0x59a42033df31a37d24d3d69694ced176d24322ef,691
0xda44fecf2d89d344146473fd59b720ae3229384d,7
0x7ef6a3c2c27719f33d3c494a740952fdb998e73c,383
0x4efca661242116e8a3975423753ee63d82179f60,771
0xd30aadf9ad181b5546f2c85ce9d71993ea27a9e9,93
0x194494e145fe0aca983d9d37e0dc3cdc038e8703,65
0x75584f548d364c48f032accf4aa2be7c9dc4f618,899
0x5c1fa0cb34bd1e7c213fab84c2a4fcd27d8f958b,69
0x81f656611699d49f5bf6f82bf1b77c2f6d6240a5,81
0xd8ab1ed7aeabe6b7d64d24c704f6e04482f5400a,26
0x3b65a99c49988b74f016918af6f0721f5606f179,2
0x266227cf2d0c448b0936cc92a6776c9bc6a8195b,86
0x6a707a36445c3f10485372ad0dd573543a69059e,625
0x62f6282bec9d6318513255e9647c46ababfbc7a9,482
0x32b128298c7e6ffa2195fad7d14bd220594fcb8a,256
0x1638a03309f464f3eac5af526a7c144a50e980ea,297
0x2ac09d47b447a533626433a885dcac1c5ad464ed,584
0xfc95bff574bfbad952bdb3f64d33ee1f9a210ae8,809
0x331f0cc9c12ad2e88b2bdceae8149031ec4f116a,499
0x4bb558379c16007bec942a1889d94949ed779224,81
0x09cb3bd7121d14694a0fa62fd6cbd3d23ab81d81,78
0x7ba06bb7a3d5fdf73848d163add1006e4e4b2a1f,901
0x9a8f884c0ba61ea19f305f4df47a4f638e6622c9,1
0x578ec91dac8ba0b8eec5a3b2c5386a7a64ed5f8c,7
0xcffff3e8cf2f58b38068e0513347e0131f69219f,80
0x6564a0f1f9bf26e54bd778cd7beeba37c7678afc,8
0xaf053816747e551e4ac363575ec9eb0ec49b8ecd,60
0x21b178279c1f634f35cb792083d79cec7bcb1fe2,508
0xe8805a68eccc8bdc434303cad0c33cf5d4e19525,81
0xbae2c40df228b1734411bc989587e10822c2ad08,628
0x0bf03cfd9d47905b80333b7e7fbe9a4c193a7fd6,622
0xeb2394f5f2cf2d5a2f7452d8d51e3b54a7ee79a6,62
0xe71c362294adf613e2f7e515399bce2999486ddf,127
0xbea6cb5d9c4016595fabd4be5d27093faa21a3fe,91
0xe871ab54e084b6f68ec4e0167146e54f3ba2a6a3,559
0xb2a2d0ac05b4bff1324ef2e86271f9537f3a2ab3,52
0x7a9ebb45c5155a0f8130777edcc3b43de348e5ae,57
0x955d0f666d34e18125ad91a4199a7cd7d5896161,303
0xfb440214dec979d5eb13bacecbb2cae8d1064312,13
0xc7099c8776c912d1e302eaf852d797e0a9a7f808,827
0xdfa0a6be7e01640ce6bb055f051c428ec365b036,161
0x381df5dfd4a8afc83aeb23fb3576aab7c9311b07,528
0x16d1d116c959c1856b1b9b04223804ffa2e493d6,269
0xb2f2e7c5e6701b9e27ad6f3966247b6b8c715a2b,52
0x1e8c0bf24e35e86ecc5ebae3fbe76caf2b8a889a,71
0x215f2b377398dec04207092fffb0d173f203292b,42
0x0cb05a7a9231bb59712494aff26a031295bd27c3,47
0xc3fc5fc54ba31e14ad4e9fcb43a70c8e439b0c01,296
0xdcedc342ff7738ca077034d0a180300d46f41b7e,29
0xfbf905fcd8fdee0ee7ee974f3d2ec961de2a86c7,29
0xbfe273d795a38bb1d78137f59e6e2e9db026f14c,92
0xf8e9a0cc1b78d1544005152f037bc9656f6836c3,4
0xce2457ab992793d84ce0b81bb3b93dd0975bb5b6,31
0xca38e6cd0d490b8ac844302d9e36ac9c42925696,683
0xf0c71c91eb53bb72f57d9c6e61162de53df5cd26,20
0x70cfaf01f0dfeb6e7de27e129d9838bc5a972790,74
0x732346312f9a17c597c34e6fab7d72e21c631e30,3
0x41ef07279563e189c24f010d0d16b5086daab0c1,97
0x0b7e1e41980a575f6871723fcce390c450e40ebc,303
0x9635e37567e43e539fa349b8178bdabcd55451b7,214
0x67142f46532dd82f26f0b2634b7145c84c74755d,82
0x905da9b01893adecbd834da0db8e40bd1bc98f40,43
0x3ed2df5d1f6c4f4686781f19323a5b07fc2f59b7,93
0xaf7f1da171139f1bb20e8c726fe6d4cefdf19542,45
0x17e8a8e20eaa190583c5940f37d2105608c2459f,45
0xbcff36a013b58f9f0785c3b3f08ff77f3931bc80,84
0x872823422cc94b2eb19f3d70a2287c94225c3c3b,195
0x42f4d02b5107a5fce901ff79e828ef85c3290b6b,826
0xb5f009d4ec63f31369468d13ccbc230cb65e6e50,972
0xf4d3ee8e7fa146ac77e102b1694676db19b7de05,313
0x8e14cbb5492425514f477bc9ecc6bdabf937d80b,585
0x9082f41e59185576e13fcda2a7662b7bcba3a4fb,82
0xbfab981d47f256103e9f5b95d73985cc773a161d,47
0xd42436681ddeaf345ac885d5018cd69ecd3929d1,2
0x06134073bba069e84b613cb2ad1bf64282655d27,37
0xb74d226d36d125492e7e808f730a8dfb122d53fd,572
0x2b1754675100953f833e397759edbf51cf2e4cee,132
0x9e3965f230709e4c7d4acddbba9b3d788cbcea23,561
0x8126d32fc0213bbf28156088c3fae5146c0d04f6,43
0xa88f708dbb968760e56c0adb4b26e4f44312fbbc,54
0xfd45b807302af8a3c0bf9a052f588d1e618574a9,941
0x8516480abf41c4a0196243711fba4adaad88fbab,51
0x500bff61dbaf32899d2e2401a4a0d99c8913ccde,9
0x6a1fff04031ec6d299d6cb6174c5488435c24e2e,965
0xbbed16e77267b15ef91ee57745a54759b7f2fa1d,322
0x29ded67b658b1ab7d843ac646c44e56fb32f43ce,86
0x7ca8e391d6e821c6a76eddfb29fdd7cb797f2a98,90
0xe4dc5376942fb1c0ee8525d979d1cb294a6dcb4b,188
0xe346df59c5863fe1393faec5c2b71bb8a65e323c,13
0x83b823b1968fcdc197a2bedb7277936266455984,62
0x0aa7cbf424a5be538eb21e6b7dfda2c913848cfe,37
0xc9758798748e01fbccdbc9b7789f87b890d694e8,32
0xe5871f69a3640a3bf5894f8abbcaebf9e6852f16,188
0x7fa0b4c1548e60f8895ec63d16b650396156d69a,27
0xbf7b5070cb6fb0ca6d3ad0bb140bb0e1dafc612d,740
0xc3217b3936ab51d9ae4ec887960d11ab600a8d21,69
0x0d0b7b035062799f7e82d3b3786eb55019dfde73,456
0x2632470246f71087d0a5948b94157f7deecd9896,30
0xee184e24e63a1194ec403f732a27d1919c482ae2,66
0x517c385cd5fb8d59e1d546f1d334676f8d7b4bfd,643
0x92a930fd878e08e3d3bb58b570e68817d8642844,48
0x7686774402faad706c7fe345a1cd59f0e2bed157,5
0x16469218a807a35f3e3b04ac3a24c0afd75ef5b5,698
0x5d846f98957c32f0d3da9a693a24f4deb179d1c2,19
0xd75cd9a721b744f2a4bfa5bb59976522d14ca9c3,906
0xfe2286ed8b13799de9e95bc2d0b2d0588c958373,38
0x08e2eaad3f54781598e78e726e08cc1463af2bd7,300
0x941b6d2aa9b657db2b3ca45511b60636f449ab9f,767
0xc60c012b7c94f0b6191789cd2817097837036364,71
0x0fbd233e2a689685fbcf064a6025cbe5d1aa0a52,22
0xadd25acfd034a7c02cf17934fab8eb06eca16eed,863
0x09a6be071482b1fb5d9a0c4fcb6fcf2f19f61bee,842
0xd66ef4be972961b1d42e8ad054501fd3b730154a,31
0xc1e0370efee61c18ee1f68dd702e84e8d09c3b6e,451
0x65e786f4830c05b81621466a23f16956f8c258e4,7
0x27046667ee2e7d0aa38eecea9798887f02f907bc,6
0x95a2883f383dfbec63f26911dfd23f650550387a,49
0x82b16a309a0050d35b99aff72bf77d6cccb342fc,473
0xd21c213ace0eb630b2130fbd495870b795c89a08,480
0xcb38a2b30ad02a2987d5bfd5048489b62c876fce,65
0x08ee78cb6a7319b3e7acaf0b1d4ca02f3bd74b88,46
0x2bf1882a1f55a9dbe1e1d5ea58b9229dbd0495bf,75
0x2038aecaeac8bf149e387852e27f9c247cfc8faf,60
0xe86fec0cd60700e2f53b42fdf3980a35f99ae8f1,27
0x0249d1a4e292555afcc21bfe930ea6fed4afe587,404
0x5348d29453bb92dfb6d10635108c704d532dfbdb,525
0x9cf43132f0733a232e1d089864a88488e73a1a9c,618
0x8089c5fc0c204f1b6a95d8138fc179f963ebf17f,98
0xe38b4585b1f2302f69b635cd61326b4b2d4eb311,249
0x632733bfde80716828e5bdef8e9d6df8afe3287a,2
0x50210c9fbce68d213ec0f14150d5ac46772de7a8,62
0xb9c9fe2536f1af0150b41450fa5ae45afaca6ed7,10
0x78feaf7c36a3304baeed52ea6276fe4870a8c35b,570
0xfc178b96f4ae9f0a36e60244b62bd21442ea8d84,300
0xa3829e104e8e28810731f2ba9ef5804b12fd4999,1
0x6c1446748393363c7f7ff92553d2a899f5bc4f70,12
0x8965a5f1ced1ecfff345688ae4c58f2d5ebf5d28,60
0xcc695f747e34db9915b557008949e14d730e143f,513
0x267042bd0b738261dd1decb0dc1bb6389d0674cf,78
0x37c7ed3c246be55f37ab766a8d5060c4a7ac66e1,95
0xade8bc0543a4b7e0f985e315419c47036c238e70,17
0x176932c8650179b72325435584210dbd334aa67b,749
0x5baff8b3b339f8d7517f99010174d5deabf0a4a6,23
0x948ce1cd777e391a8650fb74ebfb7a2e1ccd466e,26
0x6e15d21499b5827c7413057e3ef0a41a583c5a77,75
0x2fe74047210edf3aead48c839eedd8f35190df8e,71
0xd5d1ce6b9c7ece77b974bf6c8d56ff9cfc693165,56
0x7c977869e917a61d945c11c1d4c7c0ce29bab966,341
0xa1fd3d2922c323945e3ec9b25429e9e7e6e66946,3
0xeefd959daddf157b812a4fe719fca949b2e10717,70
0x8b6902fdf7ffbb6d76449f96ccb35379cc7d990b,97
0x0007d3a304a481c0a29faf69e6dd5c3e132c951a,963
0xc2a159191e7693136d67a4fa6b22d0f2c43020b9,36
0x06e83aa743a8f171977d03985892e10adcd4b576,25
0x7db2f421a782395282294b0c16575b1c1124e5d2,49
0xe153f05121f11112ca7a86b0a6afc58a9559b1cc,62
0x9adc7e3a0569b7542d0672ac012a6acaffa0bebc,618
0x3ba14b3c233b1cf286f7564a22b9891b3fd2ca80,19
0xd693e231f562ed3629aebaab4344b85e52efeca8,45
0x31ed5745733997b6fafabacd96b57989e81317a9,76
0xb1a14273e5e0dbaf6a0c5040f64a508bc9331c67,87
0xc2f52f30f3cc4169e9fb038265486e46834b4f35,21
0xc5b58c9d82813da948a1f3521dc60a1a9a44fb43,236
0xce3c1cbf87421c1c8e4078bc25a6f7eb308d06ba,66
0x6a6fb56bdf813ee6a4680865775e8926d423ac74,78
0xfd2e73154796e776c508e5bc83200f69ded7a6f5,234
0x9851ef936547dcd7c264628646dc59ff7416d5bc,732
0x64954f3b27cc75333192d93b6f5870c6462ccc50,912
0x9131a857362e93bacf45f4dc4058e76e32dbacf9,95
0xbc9162e455dd2d5547a31d2614a8efc0d72af948,64
0x7a89f9a65ee00699f4fab2168d9a0d96c7409e73,59
0xfccebbcd328da0d8732813fd52b1e360a28deecf,943
0x972ecd48cfb49775a3bba407d428b36d6b196494,94
0x0a38c2f6a12515b8e7104b09e14751f6e6043950,58
0x86f7535ca271710a7db133d7b9ff6a0fdfcf73f1,593
0xe8580eeae927749d91ac4aa08676732485321cd9,100
0xedc214919936b1f5fe15fa1b2583b9580acd71c1,58
0xeb80d4a9f482d3f70e2a517feb25066092e1bff6,182
0x748a7617438685b2829bbd37ad317c974878558a,553
0xb661d2482c2f9921ded3f06d87f20d624893eb8c,8
0x191c791c1c3bf1176a03c5a61e2fc7ebf26e64e3,92
0xbad531f26ef9f1163e0b09c2cc1afe129e62bf14,185
0x8fc4605ee6ad55197b183096281272de8e0e12b9,54
0xc5c936d6ee13ac210ff1987f6464de3eaa6a8da4,9
0xd05714f2b461ab612f0852f09267e28ae4af0664,376
0xf0675bdeaea305e6ceef2438e8bab6859e48213b,360
0xb566c2a8402ccd49ed58dd2efff572636d672c63,53
0x59546d4538b4341b167d8eda06d162a6a137a3f2,51
0x9e5a6ac5fdfe8fedc9853816ff40748bdac1d394,322
0xde94ee090c5d855cb7a59ca8ddae32f5a0a779b7,54
0x0401e442ce94c5f56c813d21c63e170f1b63d0d5,732
0x979b2b901b14ae27b5cca5e435f05f9d131b7cc7,16
0xf1f3e1237730bcfe649c1c41fdefa3120a87daef,2
0x30fbaaff36084d1f9f6a7fe328c4533dcc3dacfa,746
0xb5ea31917beec47d35427699c5b153c4da4384a5,98
0x78999eab682dac7786a829d97d3f2a2cbaa3a640,712
0x99572ff7d7f41e29c0ae2bf228227416ec5e4fdf,80
0xfcaeb6be311439d940959774db9e1a3fbf41160c,208
0x9d6e349c85ef2204fc4ee2a935be13e445a81ddc,618
0x967660f8de95bcb380f2d0b647430916c81357b3,980
0xebdbf889741cd1abb19f5dec07b89df387e020da,631
0xfdf2766fd77704b5bf87d89e93d1eeb5415845f0,38
0x3f55ed5918706c802a6fcada58387dea9ae0483f,51
0xc305364534bc80cff0d321f5caf495efe7114f16,176
0x1b2a50dae263a8038d815a9a6286fb60b3da71c0,791
0xc0db59a5490b36403f5ceb51e812fdc065489ead,12
0x09ae74a3f93c031028104a150f4d6923ed7f0781,483
0x08d96f7a31fa0595e58beec80d76f67c025daf6e,262
0x7adcfa9b1cb4ce3ce9ac22532ea825b4cad6e4ab,908
0xc63c8a1d346bb5ec0b9e4e16befdac2abbcb0534,72
0x536ea3ca00d34e5bd2da20ddfdc29c79fd2220b8,6
0x5d97f767e1afcb561c73001ad631a9e24efed17f,72
0x5f2337346edcac7e747102f9095bc1c380b40eaa,804
0x0c53af16b1b504d352661568ec7ef08e6502f90a,999
0x70815281ee877747de3014185502cae274a0e370,65
0x4d056b7b4ae11804be1071e058cd930f9945a41b,32
0x5319e85d38f7f8bc6415ab541138546917b1b538,489
0x57e713e65da9ecf64eb0ba56d1e19ae736c570a7,859
0xcad588c461d7dfeab70f5eb03f922d23b65899f0,93
0x287b2793041a3b81f25db49a7435b1ea68e6b1ee,4
0xbac4aa17a6c8c529fefa9a4c85c4fd9905fef3bc,927
0x236531d63b00c09ac7c709535a64df4e530b0672,55
0x1a495d4ea3646144a90b19e1b08486d9644ff46e,1
0x42038b2cca76eda9fdcb9357bb0d0f5faa0c3303,323
0x636b8efb0cb4313867760a2f359f235d7a9cbfd6,195
0x57d68762b9efb204754ca284966ea37a80addad4,779
0x6e15f2df119e30c1028b7fc99d15d3d02e2bdb7a,12
0xf3cbd19967f894bc0f544686cd1a3d38b30ae7ad,4
0x99baf8e32a5e0f16d7e76df7a5a0b075c96b9a92,508
0x4d712b7c922a6fb6a4f0a727b4e2dd6bdbf65d3c,336
0x9f79f8aa8bc6e6983e59e0c764dcef99295f526c,80
0x2c9e29907cebd3d45016ca3be30f9e7a2b57c1eb,381
0x9bc876e9cd2ab8576466820e89f77d09dfea714b,322
0xa49a0ba06073c049a8e586a725e8ca800d46d4ab,740
0x4eba2d1864c0721fd3714f98c596efbc2b025515,743
0x9d39c0d143bd54d146bd1d71d8bb201c12c72b74,122
0x316296f1cdbe850a55da7c02412069f54e73c9f9,242
0xca23651ec21755f80df96c0ca85d3bb94d3270a8,57
0x52f5c40a429f446ea48bbc7a4a67f90e56a4502f,25
0x0116ccf23d0ce6137667d863f698cdf8227cc885,97
0x6c28677c548e6993115c75b03bded00afc932e6d,432
0x8bdfc740f3f1696834cbb9979932495f5805c8f8,736
0x7bc8b23db8786533aff43c98a2ee5466b9755eec,433
0xcb80fb3af71fdcab9ea7542a90a75eaf22e68a93,25
0x332c9a42ce7df7c6f89325c0eeccdcc818930625,892
0xc3d46817b51a14b34e8e2bdd568e0f00054b3ed0,932
0x0821b0fb89c96f842e2b1b6c1524bec07395f844,57
0x86c63ffddadd1d0d916c140b19f87fbf20505ab5,531
0x8edddc0497581ac496f634b224c92208da0f0d48,49
0x2d323df9166a24a6abe99b14f6576613e30d96af,29
0x0549a12f10c7be8d5bace22dd059ead6245dfb5f,9
0x25a44361a225d8373a8e68f3a6da91b80754723f,75
0x0ad24aff2f7f1aa82f6191be3a2689d78150aab1,62
0xbee4ebdfbd6d21419fac091064912743ecb8fc4f,814
0xfdef9b4854abfb93b75fd72360361266cba367a4,475
0x06c5ee509d669ef5f6be7adb7f9b87eb00cf928e,21
0x2d2494c6aa4ec9e244ad40eff148c47e286b1977,677
0x08f9f7a0c5ca31a630cb2584a88c1c83ebe7aea3,75
0x0c8ea16d3b42d0da0aacc19bae8afc97a3a6fc7e,470
0x1f85acf82be9f24e5bdeaccbb922cb7b91be28e6,453
0xa8fd0e2201798ba2d66a5d20aa96266f50b1595b,50
0x0aa6404dc667cbf642b7d3aab577ce7206f8eb8c,35
0xd5f45b0022726be320b0628074d5b642f6141404,75
0xf2c85caca462ff534974bc87c9c5f0253e1f8d9c,32
0x50a9a68a8c5f62365eb524eae48a6d06f234c8e6,684
0xde71ce343042cc4660f347b99e226a1595c393e6,38
0x0bc89cfac65a03e0610ae51485151b015a36cdcb,599
0xa267488722202f11b7873d5ac169744a8ccffd99,40
0xba13f740766703eb1448702841e181d41ddf5f40,143
0x4a91f198b02978ae2ed79eb511bede2801f2e9d1,49
0xb67d14b76607625beb1ca9c686734c8ff1f0f1e9,42
0xa1841c124cbc75cad83ca9841b1e284daff147b2,161
0x9904d6130b327309f8055337fcd14edf0be889ba,26
0x41663c2b1ce168b0dc3bc14e3715967989a17dd3,270
0x5a39c2d8f5bbf2b0996400f5959f2a07bd20c790,79
0x7f916ec3d2c971c6c06acf8496017d096b19bf60,1
0xf1af52f9e92998919d0f4aba5cdc90a2e6d11edd,61
0xdcb102b94065b6faac39cebebc2f340b979f89fe,79
0x7f7fb5f8c7a30e8078eca589fe2ba66c7ec474f3,543
0xa3d8f7ab4077571f549b77e20dadf13107a92b31,242
0xba7209ae8eceec873a1e884d1efe9e4fb412c1ab,975
0x124b98be2c0770ae4432864a0740c49faab5a231,195
0xd9847353af2343112934f73f5a55a3be1dd0a85c,23
0xa819d8970b801ff6c6639959839188b37278a473,830
0x12ba2ff9d11a80f586d35a0251ecc2829b9e1af4,6
0x7d66979412db7b44a521358ff1f0bb94cb84b70f,636
0x0f71f0c4380bdca2e1b8e31a0eb0b6386cf6f6e7,36
0x414e2c00a640dbf12372375200499a2ec9862e2d,289
0x146e7f8c090ea620a9b6e4d1eb740ab42839e2f2,23
0xe9b8d4d51639cb37cad9f51ccd12769d325973ab,35
0x4889301f8d218d165d988caf3ed03e766f2e937d,37
0x0ea8b2a4244b6ed3b4dc4b379f42f8fcdb28201f,81
0xdaeb45fb07e8f88a76629366d64e43f619bc549f,99
0x1322159e515ea73bb9f90a624845f7c8d8550cef,626
0x9e858c24ab892d39615805ef02f8985171844cb4,100
0x85b937c257340e5c7201bb3c5764db7f69f05e39,68
0x5f3a934b596e1f89e15694953b09ee1b66985497,188
0xe7ce3d805067db2a0c3a16391d249470540d7544,946
0xe37f80e0ac1c79653ffa40e4850b96750eac8b42,67
0x62a8cdade9b7c721c3c34bffd5c2a730b344a5ca,10
0x76637755c010472cc1da3e5e95c2715dd9e4078c,246
0x29dc7a94b2fcc438b8a64447514252bf44180c98,987
0xa6821039440b01aeae2f933a06fec65af48410e6,53
0x6c40042d60a495816ba90500f57420adff94d479,7
0x213b24bd7bd9f5f50de5d606508ae3e36d6e689c,90
0x03e09d89b01e6350074af2379896d58fc89a0add,60
0x3eeabfb96ae8e81ce693a75143743a577a41bc53,776
0x7e8b590a7a3f946299a686ce78ad2c0d12f89500,899
0x8f7dc2cd352f0aeab8146e79dee1826b7f8aa4ea,617
0x526abe19070fc340cfc839d4923771fba22a9163,220
0xcabe082b7048cafa4445d30e8d749229922da6df,721
0x2204eb192380c3d789dd0131723d9ded785d083c,74
0x09938ec9f27034fd0beb99da42fd0e98678a40eb,80
0xe776ce7cd5234d6ff770e38104e65f07ee011af2,24
0x18b7e46801b9655893b127c841fe15cb239119a8,82
0xf3a437e2e8e5e31b0d25ff2ba88f5490a134d835,27
0x9a8e7b2e6dde986e9f8ba2018ea0a6e35c5cedb2,13
0x714beccc558a97c3c008edc392de3964c00f8d8d,560
0x3e0625f9b501d850997cbc7f81d964340d5830bf,315
0x8d8e54a46d58191857ba17c571d379e2fb418dab,64
0xfda8b20437ef91cd4d2e2a6dc5daf37f12bd0b09,780
0xdb7f9f3008401357ce528d1dc64c8c424263bd30,67
0xe66a52a48cd2beb83a7d00d2df42b0af0eace2e6,404
0x2658727300bb39e87c21828b3a8831ada563bfbe,176
0x87b4e05c868d6c062f3242e6def3c0d02a1d3237,8
0x0854ccc5c9b5a9cfba64dcb999709b222ba66b68,238
0x340ff5d58819cc5a82f59a5dc96c1e14c58fae9e,477
0xda0564cec8183aacdb269a9c374c30d6eefb32d6,245
0x8839557269f3ef81efb5fa4a1616ee6c4c1e40e8,30
0x9bbb5782698ad1be1d0b546c7378d0b092330619,5
0xe1139dba673d068ab920e76207ff5b713bf90f4a,64
0x2771bb69a8601e930817194fc24b37391ec42dd1,243
0xa9d131da72ed30ad65c153eb9632f70d17adcacf,991
0x21af92fd8cd08bc5aabe25351bff33990adeab1b,651
0xbb04decd74d2878708c17bc7de2e96947ef1941d,15
0xc2e439869adb6e0111752c20f0a60691ba90ea62,79
0x1cdc898430df02252716b781ebc9ae2bdf4019db,50
0xd03372d89ec98794946a5dcd18880ef3248e1c3e,53
0x084cc38a8bec3596c549acd43d267b3a6a6e0d00,319
0x3e0cfec16e276b5f98b3f14d690d2e2970821dc0,67
0x49abad735a24a07ba732066df81588f7002ea0a8,84
0x4dadf6770c41c4a89e57318c11e331fad7cdb91d,84
0x845d55c0d854a2c79dad38d995a8b9353f024b24,260
0x0accaa7b54656097e89bf67e1874f57e4a1d47e3,463
0x672b20668dd27acff19d313817f48f81139825e7,13
0xa507ab40ac57c53cb055bed4ae3b7ae5f4b1b90c,11
0x2d1ec2bd1aeef530a684361fc94149f2dafdfbfa,60
0x1186ea2992a61982154fd6008044b1df8b862bf4,888
0xe5c9de0aa39c7e5f65d90634be00e1a8e46d48f7,116
0x604a2e8ad924587bc75d1dbbfae58075813d3c07,866
0xc6625779fdfc68fa098aebfc01251fd9ab0e4f32,59
0x6114ce3e87f7ac0ecee01d570b24c99116036f5e,77
0x2fcd6d25e4596b0fdb2379ca766e54e49ae095c5,40
0xb0e805585df20b3a0b54731ad98a5fab03d3a616,283
0xe518b0142572d4b4bf4a0d812c22f41d85441de6,871
0xec49fda1d8d451425024d8207c43588c75dec713,293
0x309e8c6eef645acd70b5bcbbb896748f09a392ce,841
0x071f9e706e95e3da454a76c24dd8b677f377324d,75
0xa66331ef42ca7e2747a9e0c148c5d2e256c98b9e,98
0x01c3c6474cac9daac37d8a621fc3c818a1824eba,204
0xef6720f3fe629c684e8bbde0d2b6f8281810710e,15
0x7c7331f846a9ed17d94ca5e1857fd96b95d360b9,753
0x430d9d8bbdd1f911441c4c4d2b1e91c53086e3a6,49
0x1813b9a28d0127ff71bd55c7fffccba620eee76a,707
0xc2a21d9723894f2cdccd4feffc09c9dafab04b88,975
0x9142db0b3699c3231be2c3512a786b723454577a,395
0xfa5d289e0ac9fbcfbdb3de0bd9f000ccf8501f31,728
0x37c5380f9bb2e17f80271bfd665513bcef3c9fd2,496
0xd214eb6c6027e58b166906d1a90e330bedb02047,5
0xb9483cd440a779480ca8bdbc087d7d9fa91bedba,73
0x7144261783d8d6d7a66a35d97cfcec188a48d7b2,103
0x627cc2c6e90b012af1493127ee5f9d59d36b9fd6,39
0x28bd4b219ba242146cc1f385b82bfad49f77242d,744
0x9dd0ad958f043888e531773ef617bc8fafca3c32,80
0xe7cc82c4f08d223ff3f3425ba8c34d77d5da930d,5
0xc00c11c2ff0bdaaadc641754f2aeff944ea188cc,55
0x1c0cd671147f190c99920e5b934cc722c4c3d47b,751
0x2c6092ba06470cd6f0b738702dc6e2ffeb8d0616,20
0x5902b0fd4932af18347df755b1b661ea8a1892d2,53
0xaf9b4baa4ff2f476e7eba308fb70c4a198302d30,93
0xdfce669e618b9bc0eb9065a320c7e43960522ff3,72
0xa1ad0a36d77afb0615835b1ac0b5a6c41720e202,412
0xd1ca92d1c67c657efb28b1904e058aa366d73b90,315
0xf8a623114c8367b518a0ceba28e770d186701176,493
0x4d10d8f98fecaf799d5470ea2656e9f1029882ad,50
0x8f9b8e64fa5b1f5291e3cbbf4c31ec8f6722174e,76
0x1357e32edcf72296670a6c687a4da4377f841544,81
0x02be388b79511b71145c18090b28a0f619299c79,49
0xe6403311be9ba0aab6bd42273ec6a3c12eb03836,93
0x110b4262f76135b7f58424497ef8ae04957a48c9,276
0x654ba96e56774324fb9b2f129090f271c205d98a,711
0xdaa9b5951738705af0793c0f01160d57f1332eb3,94
0xcd28fdb9ecab49353a65475a42f9fd0518aaa12e,56
0xffc2886e47359a3ce2e31a4187a5000f3b31a02c,35
0x74cea499d3cca99369a17ca5122c96af9480a684,434
0x8b2739d1ae9cda24fec46c0a88994c3141f516bf,62
0x5541afa9aaa40f7c865394ffea1b41df978b28fb,55
0x583b7ebdc6ff9a3499d1c63fa90f8427936f6506,66
0x786fa0b6752e9e61de5e6988922a069b00d29dd0,437
0x7df56514d2d8240dd0b48ce3dbca7d22d065d938,419
0xe0051be0500c1f10de71156c488a4dd814b5f889,361
0xcf9d5c454a3c761e431d17ebb049cd948aad3707,785
0x1a223bd34298cb42b12c2bcd50675c5ff3be4222,448
0xf665311e0f6385ad184e24be542a828302624e6e,11
0x495e45cd71657e08fb6ff6cc0f79e0b8a6b5ce20,52
0x677461807216dee3df7e057996f856aaf0287534,67
0xc268a2acc45615f65919d6be3d11b7906d36d066,36
0xf54ea84272ddc142e82185466121194c3f608804,97
0x170575e9956b14be7a5f159743bc37b2eddf0a73,72
0x303bc7492cdf7913372d50f4b917f929b5bc7733,747
0x988ea985257f45ef444c84ea3d5158989f36214d,21
0x6169e0f0d4002a32b76941905efe6ff68ecf5e1d,48
0x8c2692ec9db3c42ab29653e68baf4518f4768c40,943
0xbb18552dda006249da9da9bc21f8987b9bd491b8,525
0xf59f0f0d1be596c121c0822b57118eb48022c847,750
0xfe5ab20c8f292b3c9f368a2f0e79687f8ba87eec,25
0xc6c60c26127baec547f3d541ce234088cf3fea7e,90
0x4bfc9ff5419cdd5ae8022b0a205121f822101597,462
0xf586f5ceffdde50a7aab15eab70d07f3158eba14,718
0x96719bd9b41ac13501fa8ab2de614497f862dc76,757
0x519ea6af2149301b5e7fcc964913c3b2073150f6,25
0x3b97486c47d0f75aad5da3651fb391d59bd55500,71
0xc0825c262f4416e7269205fb36f949c118ef2d30,202
0x3b7c8900320bf529bebc0998bde17c3e586c279e,33
0x379a92d11dc949042ca60324a555f535adbd3179,808
0x26346e3c5c7ccb035556dbb7d9c1d217c6ea2120,94
0x8307c22f44d3fec986fb81611c9124cb3af67013,74
0x1432fd919be748443a9cc3769055983b9d58d738,958
0x55981b5003d08e26df744b35748108bb3fbb83be,292
0x9fbdd4e80813b1cbf830ff41b1a1462ce755ebf1,149
0x419378cdf52e6107982771fbea7b40375fe37954,707
0xc9ab3f0fac1ee3f066f3bf841c6cdb466880146c,98
0xeed3c429807a95c667f499954f21d6e7b93bcba3,894
0xbdb67dbb215caf3fc1750bd17e3b43913168f648,64
0x31f86d3d9fe872009da0ef57f16a2cd06eb9cbbb,503
0x49c354d6615398067ad8258626e07fbf39897e36,643
0x68e74bab9871aefe8a530c615b3e472760aa7b7f,58
0x6dfd9e9765eca12111efc454e9b00f0aceba9a8e,36
0x4cdf33d5c60453da60bda2c3d1d43237f1af8daf,223
0xa1011478dcb69c7e581f2fdfbf449f753057ea85,114
0xe0ae26685f4e9c663139b24ae72af1c2e3896b1f,193
0x2810ddeb45aea1bf0c8123bbba4c044d3f47bbef,378
0x164a7cd3d60105e09b1315f72d3b7401efd14752,54
0x2d9a81b9dc576929ca9b0f807dd5ddf10a3fa0f5,101
0x307d3f8c478fd6e5d1ea7190365ad8de16c11066,296
0xd93be014468459b5c797aef01929e0f088402867,101
0x7764ca3a7cb0c8b5935b2457c56878147a3cd73b,32
0x8de3158696a201b92e7845da54028be43542210b,375
0x4d4b73aae968c11a7c831eddb4a5e728bc7b5472,511
0xd118058031e383c73456e5ab01c158458c6809ac,78
0xb3e1ef478edaed75233b4a87603f7d4684d98df1,20
0xc480592475233047867421fa662f3f231f81ba8f,198
0xd89bb4f189db9f094cc4b82c44f1d944a7d1ebb6,476
0x599cbc516e3d6ce9dfd2c9f2638ba964f9a56cc0,936
0xbc825e97dbd8c0a8d2d3abbf276049ff1d06eb9c,976
0x5c64ce10617eec0bd8ba8e3cfe8773bfc89f7782,81
0x10cd9a29ee6a866e7b274bf52620aeac442f2390,89
0x012761e742654f317ffdbbf7d962d10e6bc34e22,443
0x5b70585fc9dbe7c155edfb3ea4a397b366b89583,75
0x44e0c24acac45f1f43fccebe88e94fbd5c403d05,57
0x438deb87314051d86d4b70ddce2855475fdc36e9,88
0xeecd6b4a270e0d53ad5d367e52737ab719e55a23,73
0x7b7e3cf37692d65becb73d5c34c8ef4816f30915,42
0x1fdae421a4db6e3775cca2a7506d86299ea5372a,641
0x2b2eae48092d049b4466fba3109e72e2c0d267d5,799
0x4183354c6debf3a8310c54a299b4cb9942774f0d,82
0x879526a939fb98778e801c808e99665e36c3fb8c,652
0x08c55b2447e6e5dc405088fdcf0518ae61a474d1,26
0x99fa35216cdc119e28369e5fe6fc0cc33352bf22,110
0xbf873791eb50ad78d28c743018ee68541ef0bb20,89
0x887e858ee9bf6d1d0c624caaabf7260dcf111469,745
0xfa14288783fd6d7093d3db9f876c368aff3d1efa,98
0x1ee6d037dbdf9e425c4ac5758adaf62a4099a5c7,516
0x7385979ab47394e6692128fa9edb1be501aafd42,183
0xd89c0ea3d6da4478e8aefcc28c0dcca70e200a54,161
0x45fd834feabad4f0bc8bfc20b378defec1006262,120
0xf4c2b91a9813bc460ed71a8d85c433c3d0bd0549,35
0xcdbeaf370203af2d5d9986b13749b17fbb136647,99
0x1fed87e87b3c5c3aa75af349867cc5886005d4f8,376
0xa67ab88e40feb1f9fce7b5c79ab3eed0abda2175,17
0x377093fd3ccc3592d1a9ccdec7f3c9bd8c551a05,910
0x9aa81991e3cc7e4f386e9c59194e0241db7bff1a,88
0x05a488d11fbacad8e5eb9c120648d2cd680b6fb7,220
0x88eea707255578e82b338c581c94cb1685e59356,778
0x984e0096fb9aed70a9ad6bf70ade913d84d50101,811
0x3043e07d6af7796253c74274cff64e18a04a2a31,95
0x1ce421d7e236d698f3cd3bdd4d6ec39a141ba369,992
0x193fb7b11cf1b74de3493ba4f4ed4f1073831fc2,953
0x555c5eaabf99b105750d428b909c514efd940a7e,733
0xfeb124064d7ab00da0ebc061dc83b36748b6cf31,43
0xec3c582d1d54360b2c90fb2606a0049c4158680b,455
0xba169b71e5a5b690f896071bcf4b671aaebba583,64
0x9af1f60b637d1196c6dfa32593ff34adb1b310ac,782
0xbb1e0550bf7722d6a9df40b52081f49f199f456e,430
0x2aaf117f92220f1269e4df75c24f6b0a949fdbdd,52
0x5df2c46b1e45ca94c5f414544bf82448ad15173e,88
0x2ad830b6608f11d1b71173d8a2b0cdecb6b14530,87
0x959d08a9661dbd09828d7f5aa152e9e946fae247,44
0x95b02ca538528028e954c01ef7962b2a641e7c4b,62
0x3561b84e4a81ec9d7e8949d78adeaea87f2afcaf,27
0x23b534cb056bed35dd19bda62e2f6ca56c5cc22c,498
0x04207a9c4de0a475555f3f935cdf2db2cb92f128,559
0x00906c8562beb939014642fc070824c852cbe8df,66
0x9ba62c16c3733f7611464a898fe8b117750d54b4,43
0x79c11887908b3e5ed2485898a7263223a6931642,626
0x84be73e1b344da52b52cf1438d82b0454af22383,49
0xa7bf34c70004383b2ac9ba49f814aa027aeb7083,861
0xdd13541f63b59240d3ee8edf6fd3fa6c96500710,638
0x604f0cef96cb6c17ab7e2b95a036c439564745b3,15
0x62d5d3ebc33e06aaa51bb364ca064f7f00445c50,66
0xc44e7b512b4a37c5ec27d66680d4470c5fe44c78,263
0x5a8bdce0e104660059e29db0540158e44c25b3a1,889
0x8a248d13a9a96842a32652820565a0eaf063c62f,795
0x2764292dd1da05e354f82b1424d1c809ef3308c7,60
0x16aeef0d7c7ca418c3fb695573cc7fd6e7b7ba7c,389
0x604c360b4938c4ba210e585ca41b601582adf2b3,46
0x43709fa5d8467576f24228bbcf19c1e6d0acd10b,8
0x7042f3370276d0bdb696680fda9721849df82830,564
0x61bda266f799d13bad88b44b3b4463e266fc1cf8,50
0xc9c5352a7cf30d8beb977082e08d26d2bd511f37,59
0x4d3bb5f21c1f2deb428c92addf5da3ffba03ddca,40
0x7f74ea5c316ed545a73a05814089d92e855d982c,51
0x3e93e6d320d88792c09890b274f345742350cc7f,71
0x79c8d4ce0ada7234cd9b098c9dd8a42b69edf129,55
0x5d4ac3e353e047f4e822302cb5f9e3c0a29e47bf,93
0x8d8f530f88af6a72faf0b8df2c6522dfe0c68620,737
0xe2dd81f7bab1e5ac1b8aae4de81f66bab8c31a0b,602
0x717450634a9e576c9262e37faa05a28b1bb77fe5,94
0x85396ccd7b233dff214d07d34f10668f4ba1b3bc,473
0x81c3b4ee0fe49e198c4f234a19fd3a1c4f1e6b79,873
0xc57780175b080692aad5468919eefce1778f524d,47
0x7c43f92f5dcd9554523a95ee3b14c36fb42fa8a1,84
0xa0dcc6ad4d20233ae89f800e90ce721f1c2c3096,66
0x20e4dba12d65caa08a667ce2e36ae14c8805be41,96
0x459407427b2c9a553cbb94a37d0ca98d460b196b,8
0xaf0bbdf09e7ed33a3af92512d5d84ed6318cc414,4
0x6ca8dc8b34760c5402cb6d0c8688b284d36eacba,41
0x67417a66f61021712f097b0c94760edd401bb335,150
0xdf6b1472a44d10f59dc812d0e25c9546c30ebf32,12
0xae26a46245bbeea0d0b945b765030bd539f1f645,28
0x698c873cd72d8b01089785e54b3ddb2b1f61e596,522
0x3b485b8e4b2efe87d28875207ccc0be3d6aaa32d,85
0x772d921c54eb28742557c46452558dcdf49721dd,47
0xa324b3a2c6f696905d6d186cd3f7c50f722859e0,46
0xf5efa62637e1db1f4be2158fc46ad165e36f39fb,14
0x6affc278d1713734f2816e9d46021cf4ef463122,10
0x8813023c76295d828abdbd2df545c0d744e5ee12,138
0xa6936f3d9f427cc4cf1ca1b0a223d645ba8cc0a0,712
0x67ad6c12613298fd4e6fdf5f5014ffa02e9f3a0e,44
0x36d2c9296ba38fc70ba75bb20960d2ee5618961f,39
0xe1baa73384c6c09448eb5ebe62f634a126443dc2,30
0xd95013bd0b4377f12425f7024f7a6ede658e921b,701
0x94c070fc7c72e93b1bd8d356c51a8b22d2c99f97,270
0xad625b62a21d3ea3b07cf481b6368658e0c7e47f,590
0xabbb339caa2d5b382c5488fb4e6ba965d886fbe4,556
0x18f30ae77794b728abc74d898f908b4880e3f989,37
0x271c6845008d195cb844b62d5ead6747108a9e17,13
0x34366c7170907695c44d4cd62f9f2ec15e0f1564,80
0xd960c822ae6d223d259820bf4b7916f4f1b1e929,216
0xc0b522b331695c93cd0a3049c5b1bc4e1a7902fa,64
0xbfede96ef9636c4fa6e1e23628f19fe2c402b4a3,776
0xfd8626ab6f2f220f5fb5d91fa27f6cb21921c3ec,265
0x60af22feb49324fdce0814e7678e7d7bf19faa49,18
0xf3841924c1712b06b23a0d8ab50e4bba8162cad9,13
0x8794b70264a9ae4c13943ac8d86aafc77f33442e,682
0xc6f647ea5181bf8ad942a14ee1103890ee94061d,95
0x27ee625487af2b976bc118ed02e56bd24e474fc1,68
0x7cd97187a6bb3beee01d01634d8012dcbf182a3c,528
0xb9ce345630c1159e0484a395da5823933db50d37,83
0x7702be592ce2186578351785df636437c2ce5b30,11
0x806cdf1c09796aadd0bc3137ba47e31679a93da2,98
0x4ba1f3420002e0ac02f2a467780a8f69437f0d1a,97
0x4a21bb449cd9617ecb0c90f86cea3c4178adf990,33
0xe7b82cec2fffb8ea768ecf3a3ca1f51a11d827dc,90
0xa547cae8d8d615b1ea0453bbcadd5964462ac16c,74
0x041ddeffef5dd512142bc5a651818067fb95e2f6,20